{
  "project_info": {
    "project_number": "620194843115",
    "firebase_url": "https://sayyamrekha-4ecd9.firebaseio.com",
    "project_id": "sayyamrekha-4ecd9",
    "storage_bucket": "sayyamrekha-4ecd9.appspot.com"
  },
  "client": [
    {
      "client_info": {
        "mobilesdk_app_id": "1:620194843115:android:bd5d9b7fcc7c6a88a171ae",
        "android_client_info": {
          "package_name": "com.example.sayyam_rekha"
        }
      },
      "oauth_client": [
        {
          "client_id": "620194843115-m64g0l0qvksvh50so8pmr0t5kql8rk89.apps.googleusercontent.com",
          "client_type": 1,
          "android_info": {
            "package_name": "com.example.sayyam_rekha",
            "certificate_hash": "01ceec10ce545fbfe210f7322818654a31e11faa"
          }
        },
        {
          "client_id": "620194843115-0v33mml3b7179l2fc0n7cbufk8k6usak.apps.googleusercontent.com",
          "client_type": 3
        }
      ],
      "api_key": [
        {
          "current_key": "AIzaSyBoBYxYEQ7IFdzsgs0JgZz0djrpInl1j_A"
        }
      ],
      "services": {
        "appinvite_service": {
          "other_platform_oauth_client": [
            {
              "client_id": "620194843115-0v33mml3b7179l2fc0n7cbufk8k6usak.apps.googleusercontent.com",
              "client_type": 3
            }
          ]
        }
      }
    }
  ],
  "configuration_version": "1"
}